organisation_id,user_id,department,role,normal_locations,known_devices,usual_login_start,usual_login_end,baseline_note
DEMO_ORG_001,U001,Computer Science,Faculty,Kolkata,Windows-Edge|Windows-Chrome,08:00,19:00,Synthetic demo profile
DEMO_ORG_001,U002,Administration,Admin,Puri,Windows-Edge|iPhone-Safari,10:00,18:00,Synthetic demo profile
DEMO_ORG_001,U003,Finance,Finance,Kolkata|Cuttack,Windows-Chrome|Mac-Safari,10:00,19:00,Synthetic demo profile
DEMO_ORG_001,U004,Human Resources,HR,Puri,Windows-Chrome|Android-Chrome,10:00,21:00,Synthetic demo profile
DEMO_ORG_001,U005,IT Services,IT,Cuttack|Bhubaneswar,Windows-Chrome|Windows-Edge,10:00,20:00,Synthetic demo profile
DEMO_ORG_001,U006,Student Services,Staff,Bhubaneswar,Mac-Safari|Windows-Edge,09:00,20:00,Synthetic demo profile
DEMO_ORG_001,U007,Computer Science,Faculty,Kolkata|Cuttack,Android-Chrome|Windows-Edge,09:00,21:00,Synthetic demo profile
DEMO_ORG_001,U008,Administration,Admin,Cuttack|Kolkata,iPhone-Safari|Mac-Safari,09:00,21:00,Synthetic demo profile
DEMO_ORG_001,U009,Finance,Finance,Bhubaneswar,Windows-Edge|iPhone-Safari,09:00,20:00,Synthetic demo profile
DEMO_ORG_001,U010,Human Resources,HR,Cuttack|Kolkata,iPhone-Safari|Windows-Edge,08:00,18:00,Synthetic demo profile
DEMO_ORG_001,U011,IT Services,IT,Cuttack,Windows-Edge|Mac-Safari,09:00,20:00,Synthetic demo profile
DEMO_ORG_001,U012,Student Services,Staff,Puri|Bhubaneswar,Android-Chrome|Mac-Safari,09:00,21:00,Synthetic demo profile
DEMO_ORG_001,U013,Computer Science,Faculty,Bhubaneswar|Puri,Android-Chrome|Mac-Safari,09:00,18:00,Synthetic demo profile
DEMO_ORG_001,U014,Administration,Admin,Puri,iPhone-Safari|Android-Chrome,08:00,18:00,Synthetic demo profile
DEMO_ORG_001,U015,Finance,Finance,Kolkata,iPhone-Safari|Windows-Edge,09:00,19:00,Synthetic demo profile
DEMO_ORG_001,U016,Human Resources,HR,Bhubaneswar,Mac-Safari|Windows-Edge,08:00,19:00,Synthetic demo profile
DEMO_ORG_001,U017,IT Services,IT,Cuttack,Windows-Edge|Android-Chrome,09:00,21:00,Synthetic demo profile
DEMO_ORG_001,U018,Student Services,Staff,Cuttack,Android-Chrome|Mac-Safari,10:00,22:00,Synthetic demo profile
DEMO_ORG_001,U019,Computer Science,Faculty,Puri|Bhubaneswar,Windows-Edge|iPhone-Safari,08:00,19:00,Synthetic demo profile
DEMO_ORG_001,U020,Administration,Admin,Kolkata,Windows-Chrome|Windows-Edge,08:00,18:00,Synthetic demo profile
DEMO_ORG_001,U021,Finance,Finance,Cuttack,Mac-Safari|Windows-Chrome,09:00,21:00,Synthetic demo profile
DEMO_ORG_001,U022,Human Resources,HR,Cuttack,Android-Chrome|Windows-Edge,08:00,18:00,Synthetic demo profile
DEMO_ORG_001,U023,IT Services,IT,Cuttack,iPhone-Safari|Android-Chrome,08:00,21:00,Synthetic demo profile
DEMO_ORG_001,U024,Student Services,Staff,Bhubaneswar,Mac-Safari|Android-Chrome,10:00,20:00,Synthetic demo profile
DEMO_ORG_001,U025,Computer Science,Faculty,Puri|Kolkata,Mac-Safari|iPhone-Safari,09:00,18:00,Synthetic demo profile
DEMO_ORG_001,U026,Administration,Admin,Kolkata|Bhubaneswar,Android-Chrome|Mac-Safari,09:00,21:00,Synthetic demo profile
DEMO_ORG_001,U027,Finance,Finance,Kolkata,iPhone-Safari|Windows-Edge,09:00,21:00,Synthetic demo profile
DEMO_ORG_001,U028,Human Resources,HR,Kolkata|Bhubaneswar,Windows-Chrome|Windows-Edge,08:00,22:00,Synthetic demo profile
DEMO_ORG_001,U029,IT Services,IT,Puri|Kolkata,Android-Chrome|Mac-Safari,10:00,22:00,Synthetic demo profile
DEMO_ORG_001,U030,Student Services,Staff,Puri|Cuttack,Windows-Edge|iPhone-Safari,08:00,20:00,Synthetic demo profile
DEMO_ORG_001,U031,Computer Science,Faculty,Puri,Android-Chrome|Windows-Edge,09:00,18:00,Synthetic demo profile
DEMO_ORG_001,U032,Administration,Admin,Kolkata,iPhone-Safari|Android-Chrome,10:00,18:00,Synthetic demo profile
DEMO_ORG_001,U033,Finance,Finance,Bhubaneswar,Android-Chrome|iPhone-Safari,10:00,22:00,Synthetic demo profile
DEMO_ORG_001,U034,Human Resources,HR,Cuttack,Android-Chrome|iPhone-Safari,09:00,18:00,Synthetic demo profile
DEMO_ORG_001,U035,IT Services,IT,Bhubaneswar|Puri,Windows-Edge|iPhone-Safari,08:00,18:00,Synthetic demo profile
DEMO_ORG_001,U036,Student Services,Staff,Puri|Cuttack,Windows-Edge|iPhone-Safari,10:00,19:00,Synthetic demo profile
DEMO_ORG_001,U037,Computer Science,Faculty,Cuttack,Windows-Edge|Mac-Safari,10:00,18:00,Synthetic demo profile
DEMO_ORG_001,U038,Administration,Admin,Bhubaneswar,Android-Chrome|Windows-Edge,08:00,21:00,Synthetic demo profile
DEMO_ORG_001,U039,Finance,Finance,Kolkata,Android-Chrome|Windows-Edge,08:00,20:00,Synthetic demo profile
DEMO_ORG_001,U040,Human Resources,HR,Kolkata|Bhubaneswar,Windows-Chrome|Android-Chrome,09:00,18:00,Synthetic demo profile
DEMO_ORG_001,U041,IT Services,IT,Puri,Windows-Edge|Windows-Chrome,08:00,19:00,Synthetic demo profile
DEMO_ORG_001,U042,Student Services,Staff,Cuttack,Android-Chrome|Windows-Chrome,09:00,18:00,Synthetic demo profile
DEMO_ORG_001,U043,Computer Science,Faculty,Kolkata|Puri,Windows-Edge|Mac-Safari,08:00,20:00,Synthetic demo profile
DEMO_ORG_001,U044,Administration,Admin,Puri,Mac-Safari|Windows-Chrome,10:00,21:00,Synthetic demo profile
DEMO_ORG_001,U045,Finance,Finance,Cuttack,Windows-Edge|iPhone-Safari,08:00,19:00,Synthetic demo profile
DEMO_ORG_001,U046,Human Resources,HR,Puri|Cuttack,Windows-Chrome|Mac-Safari,08:00,20:00,Synthetic demo profile
DEMO_ORG_001,U047,IT Services,IT,Puri,Windows-Chrome|Android-Chrome,09:00,22:00,Synthetic demo profile
DEMO_ORG_001,U048,Student Services,Staff,Puri|Bhubaneswar,iPhone-Safari|Windows-Edge,10:00,21:00,Synthetic demo profile
DEMO_ORG_001,U049,Computer Science,Faculty,Puri|Kolkata,Android-Chrome|Mac-Safari,09:00,21:00,Synthetic demo profile
DEMO_ORG_001,U050,Administration,Admin,Puri|Bhubaneswar,Mac-Safari|iPhone-Safari,10:00,19:00,Synthetic demo profile
